Title,Discription,Url
Top 10 Vishal Tyagi profiles | LinkedIn,"View the profiles of professionals named Vishal Tyagi on LinkedIn. There are 315 professionals named Vishal Tyagi, who use LinkedIn to exchange information, ideas, …",https://www.linkedin.com/pub/dir/vishal/tyagi
Vishal Tyagi Profiles | Facebook,View the profiles of people named Vishal Tyagi. Join Facebook to connect with Vishal Tyagi and others you may know. Facebook gives people the power to...,https://www.facebook.com/public/Vishal-Tyagi
Vishal Tyagi | LinkedIn,"View Vishal Tyagi’s professional profile on LinkedIn. LinkedIn is the world's largest business network, helping professionals like Vishal Tyagi discover inside connections …",https://in.linkedin.com/in/vishal-tyagi-628153117
Vishal Tyagi Ji Profiles | Facebook,View the profiles of people named Vishal Tyagi Ji. Join Facebook to connect with Vishal Tyagi Ji and others you may know. Facebook gives people the power...,https://www.facebook.com/public/Vishal-Tyagi-Ji
vishal tyagi | LinkedIn,"vishal tyagi. Deputy General Manager- Senior Solution Architect at HCL Technologies. الموقع الجغرافي Noida Area, India المجال تكنولوجيا المعلومات والخدمات",https://ae.linkedin.com/in/vishal-tyagi-97810817
"Dr. Vishal Tyagi - Book Appointment Online, View Fees, …","Dr. Vishal Tyagi is an Ear-Nose-Throat (ENT) Specialist in Thane West, Thane. Book appointments Online, View Fees, User Feedbacks for Dr. Vishal Tyagi | Practo",https://www.practo.com/thane/doctor/dr-vishal-tyagi-ear-nose-throat-ent-specialist
Vishal Tyagi (@tyagi7451) | Twitter,"The latest Tweets from Vishal Tyagi (@tyagi7451): ""https://t.co/ZaVteKbE5B""",https://twitter.com/tyagi7451
Vishal Tyagi (@majbootbharat) | Twitter,The latest Tweets from Vishal Tyagi (@majbootbharat). RT's = Endorsement #Indian #DigitalCitizenship #Hootchat #TechnologyLover #WebJournalist #SocialMedia #SEO …,https://twitter.com/majbootbharat
Vishal Tyagi of YSCE begins coaching at KC Sports Club - State …,"Vishal has represented under-22 State team from Assam Cricket Association and has also played in the BCCI Corporate Trophy. As an all-rounder, Vishal has taken part …",http://news.statetimes.in/vishal-tyagi-ysce-begins-coaching-kc-sports-club/
Top 10 Vishal Tyagi profiles | LinkedIn,"View the profiles of professionals named Vishal Tyagi on LinkedIn. There are 315 professionals named Vishal Tyagi, who use LinkedIn to exchange information, ideas, …",https://www.linkedin.com/pub/dir/vishal/tyagi
Vishal Tyagi Profiles | Facebook,View the profiles of people named Vishal Tyagi. Join Facebook to connect with Vishal Tyagi and others you may know. Facebook gives people the power to...,https://www.facebook.com/public/Vishal-Tyagi
Vishal Tyagi | LinkedIn,"View Vishal Tyagi’s professional profile on LinkedIn. LinkedIn is the world's largest business network, helping professionals like Vishal Tyagi discover inside connections …",https://in.linkedin.com/in/tyagivishal
Vishal Tyagi Ji Profiles | Facebook,View the profiles of people named Vishal Tyagi Ji. Join Facebook to connect with Vishal Tyagi Ji and others you may know. Facebook gives people the power...,https://www.facebook.com/public/Vishal-Tyagi-Ji
vishal tyagi | LinkedIn,"vishal tyagi. Deputy General Manager- Senior Solution Architect at HCL Technologies. الموقع الجغرافي Noida Area, India المجال تكنولوجيا المعلومات والخدمات",https://ae.linkedin.com/in/vishal-tyagi-97810817
Vishal Tyagi (@tyagi7451) | Twitter,"The latest Tweets from Vishal Tyagi (@tyagi7451): ""https://t.co/ZaVteKbE5B""",https://twitter.com/tyagi7451
Vishal Tyagi (@majbootbharat) | Twitter,The latest Tweets from Vishal Tyagi (@majbootbharat). RT's = Endorsement #Indian #DigitalCitizenship #Hootchat #TechnologyLover #WebJournalist #SocialMedia #SEO …,https://twitter.com/majbootbharat
Vishal Tyagi | LinkedIn,"Lihat profil profesional Vishal Tyagi di LinkedIn. LinkedIn ialah rangkaian perniagaan yang terbesar di dunia, membantu para profesional seperti Vishal Tyagi menemui kenalan …",http://my.linkedin.com/in/vishaltyagi
vishal tyagi'S Profile - you.hungama.com,top music videos. trending now: sanam re| rom rom romantic| freedom,http://you.hungama.com/profile/99982875
Top 10 Vishal Tyagi profiles | LinkedIn,"View the profiles of professionals named Vishal Tyagi on LinkedIn. There are 315 professionals named Vishal Tyagi, who use LinkedIn to exchange information, ideas, …",https://www.linkedin.com/pub/dir/vishal/tyagi
Vishal Tyagi Profiles | Facebook,View the profiles of people named Vishal Tyagi. Join Facebook to connect with Vishal Tyagi and others you may know. Facebook gives people the power to...,https://www.facebook.com/public/Vishal-Tyagi
Vishal Tyagi | LinkedIn,"View Vishal Tyagi’s professional profile on LinkedIn. LinkedIn is the world's largest business network, helping professionals like Vishal Tyagi discover inside connections …",https://in.linkedin.com/in/vishal-tyagi-628153117
Vishal Tyagi Ji Profiles | Facebook,View the profiles of people named Vishal Tyagi Ji. Join Facebook to connect with Vishal Tyagi Ji and others you may know. Facebook gives people the power...,https://www.facebook.com/public/Vishal-Tyagi-Ji
"Dr. Vishal Tyagi - Book Appointment Online, View Fees, …","Dr. Vishal Tyagi is an Ear-Nose-Throat (ENT) Specialist in Thane West, Thane. Book appointments Online, View Fees, User Feedbacks for Dr. Vishal Tyagi | Practo",https://www.practo.com/thane/doctor/dr-vishal-tyagi-ear-nose-throat-ent-specialist
vishal tyagi | LinkedIn,"vishal tyagi. Deputy General Manager- Senior Solution Architect at HCL Technologies. الموقع الجغرافي Noida Area, India المجال تكنولوجيا المعلومات والخدمات",https://ae.linkedin.com/in/vishal-tyagi-97810817
Vishal Tyagi (@majbootbharat) | Twitter,The latest Tweets from Vishal Tyagi (@majbootbharat). RT's = Endorsement #Indian #DigitalCitizenship #Hootchat #TechnologyLover #WebJournalist #SocialMedia #SEO …,https://twitter.com/majbootbharat
Vishal Tyagi (@tyagi7451) | Twitter,"The latest Tweets from Vishal Tyagi (@tyagi7451): ""https://t.co/ZaVteKbE5B""",https://twitter.com/tyagi7451
Vishal Tyagi of YSCE begins coaching at KC Sports Club - State …,"Vishal has represented under-22 State team from Assam Cricket Association and has also played in the BCCI Corporate Trophy. As an all-rounder, Vishal has taken part …",http://news.statetimes.in/vishal-tyagi-ysce-begins-coaching-kc-sports-club/
Top 10 Vishal Tyagi profiles | LinkedIn,"View the profiles of professionals named Vishal Tyagi on LinkedIn. There are 315 professionals named Vishal Tyagi, who use LinkedIn to exchange information, ideas, …",https://www.linkedin.com/pub/dir/vishal/tyagi
Vishal Tyagi Profiles | Facebook,View the profiles of people named Vishal Tyagi. Join Facebook to connect with Vishal Tyagi and others you may know. Facebook gives people the power to...,https://www.facebook.com/public/Vishal-Tyagi
Vishal Tyagi | LinkedIn,"View Vishal Tyagi’s professional profile on LinkedIn. LinkedIn is the world's largest business network, helping professionals like Vishal Tyagi discover inside connections …",https://in.linkedin.com/in/vishal-tyagi-628153117
Vishal Tyagi Ji Profiles | Facebook,View the profiles of people named Vishal Tyagi Ji. Join Facebook to connect with Vishal Tyagi Ji and others you may know. Facebook gives people the power...,https://www.facebook.com/public/Vishal-Tyagi-Ji
"Dr. Vishal Tyagi - Book Appointment Online, View Fees, …","Dr. Vishal Tyagi is an Ear-Nose-Throat (ENT) Specialist in Thane West, Thane. Book appointments Online, View Fees, User Feedbacks for Dr. Vishal Tyagi | Practo",https://www.practo.com/thane/doctor/dr-vishal-tyagi-ear-nose-throat-ent-specialist
vishal tyagi | LinkedIn,"vishal tyagi. Deputy General Manager- Senior Solution Architect at HCL Technologies. الموقع الجغرافي Noida Area, India المجال تكنولوجيا المعلومات والخدمات",https://ae.linkedin.com/in/vishal-tyagi-97810817
Vishal Tyagi (@majbootbharat) | Twitter,The latest Tweets from Vishal Tyagi (@majbootbharat). RT's = Endorsement #Indian #DigitalCitizenship #Hootchat #TechnologyLover #WebJournalist #SocialMedia #SEO …,https://twitter.com/majbootbharat
Vishal Tyagi (@tyagi7451) | Twitter,"The latest Tweets from Vishal Tyagi (@tyagi7451): ""https://t.co/ZaVteKbE5B""",https://twitter.com/tyagi7451
Vishal Tyagi of YSCE begins coaching at KC Sports Club - State …,"Vishal has represented under-22 State team from Assam Cricket Association and has also played in the BCCI Corporate Trophy. As an all-rounder, Vishal has taken part …",http://news.statetimes.in/vishal-tyagi-ysce-begins-coaching-kc-sports-club/
,,
